{"imageFiles":["../view_0.png"],"objectRecords":[{"name":"Cube Big","translation":{"x":0.0,"y":2.7699999809265138,"z":0.0},"eulerAngles":{"x":323.54998779296877,"y":0.0,"z":0.0},"quaternion":{"x":-0.31274935603141787,"y":0.0,"z":0.0,"w":0.9498357176780701},"scale":{"x":3.0,"y":3.0,"z":3.0},"translationMatrix":{"e00":1.0,"e01":0.0,"e02":0.0,"e03":0.0,"e10":0.0,"e11":1.0,"e12":0.0,"e13":2.7699999809265138,"e20":0.0,"e21":0.0,"e22":1.0,"e23":0.0,"e30":0.0,"e31":0.0,"e32":0.0,"e33":1.0},"rotationMatrix":{"e00":1.0,"e01":0.0,"e02":0.0,"e03":0.0,"e10":0.0,"e11":0.8043756484985352,"e12":0.5941210389137268,"e13":0.0,"e20":0.0,"e21":-0.5941210389137268,"e22":0.8043756484985352,"e23":0.0,"e30":0.0,"e31":0.0,"e32":0.0,"e33":1.0},"scaleMatrix":{"e00":3.0,"e01":0.0,"e02":0.0,"e03":0.0,"e10":0.0,"e11":3.0,"e12":0.0,"e13":0.0,"e20":0.0,"e21":0.0,"e22":3.0,"e23":0.0,"e30":0.0,"e31":0.0,"e32":0.0,"e33":1.0},"transformationMatrix":{"e00":3.0,"e01":0.0,"e02":0.0,"e03":0.0,"e10":0.0,"e11":2.4131269454956056,"e12":1.7823631763458253,"e13":2.7699999809265138,"e20":0.0,"e21":-1.7823631763458253,"e22":2.4131269454956056,"e23":0.0,"e30":0.0,"e31":0.0,"e32":0.0,"e33":1.0}},{"name":"Cube","translation":{"x":-4.349999904632568,"y":0.0,"z":0.0},"eulerAngles":{"x":0.0,"y":0.0,"z":0.0},"quaternion":{"x":0.0,"y":0.0,"z":0.0,"w":1.0},"scale":{"x":1.0,"y":1.0,"z":1.0},"translationMatrix":{"e00":1.0,"e01":0.0,"e02":0.0,"e03":-4.349999904632568,"e10":0.0,"e11":1.0,"e12":0.0,"e13":0.0,"e20":0.0,"e21":0.0,"e22":1.0,"e23":0.0,"e30":0.0,"e31":0.0,"e32":0.0,"e33":1.0},"rotationMatrix":{"e00":1.0,"e01":0.0,"e02":0.0,"e03":0.0,"e10":0.0,"e11":1.0,"e12":0.0,"e13":0.0,"e20":0.0,"e21":0.0,"e22":1.0,"e23":0.0,"e30":0.0,"e31":0.0,"e32":0.0,"e33":1.0},"scaleMatrix":{"e00":1.0,"e01":0.0,"e02":0.0,"e03":0.0,"e10":0.0,"e11":1.0,"e12":0.0,"e13":0.0,"e20":0.0,"e21":0.0,"e22":1.0,"e23":0.0,"e30":0.0,"e31":0.0,"e32":0.0,"e33":1.0},"transformationMatrix":{"e00":1.0,"e01":0.0,"e02":0.0,"e03":-4.349999904632568,"e10":0.0,"e11":1.0,"e12":0.0,"e13":0.0,"e20":0.0,"e21":0.0,"e22":1.0,"e23":0.0,"e30":0.0,"e31":0.0,"e32":0.0,"e33":1.0}}]}