{"imageFiles":["../view_0.png"],"objectRecords":[{"name":"Rotate Cube","translation":{"x":2.630000114440918,"y":3.5399999618530275,"z":0.0},"eulerAngles":{"x":36.59000015258789,"y":339.7300109863281,"z":-5.3166684210737e-7},"quaternion":{"x":0.309011310338974,"y":-0.1670733243227005,"z":0.055238038301467898,"w":0.9346375465393066},"scale":{"x":1.0,"y":1.0,"z":1.0},"translationMatrix":{"e00":1.0,"e01":0.0,"e02":0.0,"e03":2.630000114440918,"e10":0.0,"e11":1.0,"e12":0.0,"e13":3.5399999618530275,"e20":0.0,"e21":0.0,"e22":1.0,"e23":0.0,"e30":0.0,"e31":0.0,"e32":0.0,"e33":1.0},"rotationMatrix":{"e00":0.93807053565979,"e01":-0.20651018619537354,"e02":-0.2781676650047302,"e03":0.0,"e10":-7.450580596923828e-9,"e11":0.8029215335845947,"e12":-0.596084713935852,"e13":0.0,"e20":0.34644436836242678,"e21":0.5591695308685303,"e22":0.7531970143318176,"e23":0.0,"e30":0.0,"e31":0.0,"e32":0.0,"e33":1.0},"scaleMatrix":{"e00":1.0,"e01":0.0,"e02":0.0,"e03":0.0,"e10":0.0,"e11":1.0,"e12":0.0,"e13":0.0,"e20":0.0,"e21":0.0,"e22":1.0,"e23":0.0,"e30":0.0,"e31":0.0,"e32":0.0,"e33":1.0},"transformationMatrix":{"e00":0.93807053565979,"e01":-0.20651018619537354,"e02":-0.2781676650047302,"e03":2.630000114440918,"e10":-7.450580596923828e-9,"e11":0.8029215335845947,"e12":-0.596084713935852,"e13":3.5399999618530275,"e20":0.34644436836242678,"e21":0.5591695308685303,"e22":0.7531970143318176,"e23":0.0,"e30":0.0,"e31":0.0,"e32":0.0,"e33":1.0}}]}