{
    "imageFiles": [
        "datum_img_5_5_4_0.png"
    ],
    "objectRecords": [
        {
            "name": "Cube",
            "translation": {
                "x": -0.9999999403953552,
                "y": 0.0,
                "z": 10.0
            },
            "eulerAngles": {
                "x": 0.0,
                "y": 0.0,
                "z": 0.0
            },
            "quaternion": {
                "x": 0.0,
                "y": 0.0,
                "z": 0.0,
                "w": 1.0
            },
            "scale": {
                "x": 1.0,
                "y": 1.0,
                "z": 1.0
            },
            "translationMatrix": {
                "e00": 1.0,
                "e01": 0.0,
                "e02": 0.0,
                "e03": -0.9999999403953552,
                "e10": 0.0,
                "e11": 1.0,
                "e12": 0.0,
                "e13": 0.0,
                "e20": 0.0,
                "e21": 0.0,
                "e22": 1.0,
                "e23": 10.0,
                "e30": 0.0,
                "e31": 0.0,
                "e32": 0.0,
                "e33": 1.0
            },
            "rotationMatrix": {
                "e00": 1.0,
                "e01": 0.0,
                "e02": 0.0,
                "e03": 0.0,
                "e10": 0.0,
                "e11": 1.0,
                "e12": 0.0,
                "e13": 0.0,
                "e20": 0.0,
                "e21": 0.0,
                "e22": 1.0,
                "e23": 0.0,
                "e30": 0.0,
                "e31": 0.0,
                "e32": 0.0,
                "e33": 1.0
            },
            "scaleMatrix": {
                "e00": 1.0,
                "e01": 0.0,
                "e02": 0.0,
                "e03": 0.0,
                "e10": 0.0,
                "e11": 1.0,
                "e12": 0.0,
                "e13": 0.0,
                "e20": 0.0,
                "e21": 0.0,
                "e22": 1.0,
                "e23": 0.0,
                "e30": 0.0,
                "e31": 0.0,
                "e32": 0.0,
                "e33": 1.0
            },
            "transformationMatrix": {
                "e00": 1.0,
                "e01": 0.0,
                "e02": 0.0,
                "e03": -0.9999999403953552,
                "e10": 0.0,
                "e11": 1.0,
                "e12": 0.0,
                "e13": 0.0,
                "e20": 0.0,
                "e21": 0.0,
                "e22": 1.0,
                "e23": 10.0,
                "e30": 0.0,
                "e31": 0.0,
                "e32": 0.0,
                "e33": 1.0
            }
        }
    ]
}